muscat1,299850,513049,994450,1069700
stevenc1,1140785,1265185,1482131
roshanwahab1,519900,1231601,1773651,1778250
mustafa1,257098,1229139
divya1,225699,594949,1390200,1828595,1958499,2176900,2301200
michael1,210505,369652,610203,1330804
gokul1,119398,1052698,1232948,1751049
mangalam1,349749,582250,1222551
varun1,583099,1235648,1316548,1510444,1763895,1895248
priyanka1,236399,864748,1561898,1667149
pranav1,214645,588696,1838101,1943347
radhika1,352354,1539649
nasri1,395450,924449,1137085,1234847,1313749
anoop1,376904,688254,1034651,1282253
jinghui1,410514,1255810
pugalia1,185900,843849,1080550
aatish1,496945,672673,1003795,1155245,1581095
giri1,1185553
hunan1,739762,1248611,1393112,1514059
xiaosong1,119638,689138,792388
ria1,392499,810849,1788398
arieljul1,613099,1739249,2086849,2424599,2537400
prabal1,313651,475100,1133350
vineethmohan1,287850,332050,1009350,1361349
harish1,550148,1285344
parvathy1,1289094,1376120,1548698,2271150,2532448
abhijith1,639600,881150,1441596
saugata1,451548,950848,1999849
arunkumar1,250401,287851,713851,1027000,1172251,1330501,2241500
saghana1,345248,1320348,1463299,1688948
linbo1,253950,475949,761692,1399449
ThamWaiLap1,238729,734028,1291577,1329328,1520928
yugibee1,1085950,1283600
shantanu1,420795,782105,984301
amrithdh1,140901,415446,927900,1228350,1314349,1432000
jianing1,231953,902238,1096617,1382967
sudhanshu1,180732,670737,1044598,1677699,1816648
TanKangNguan1,601550,787154,839354,1092954
joben1,343299,559899,654498,832999,918695,1219099
gautamrao1,666698,1272994,1488198
doyen1,760749,1249054,1317095,1680250,1820899,1971195,2043549
leungkonhunn1,1319299
kimisha1,1366196,1968896,2117946
richard1,391849,396749,553548,998855,1449855,1701656,2040155
