muscat1,299850,513049,521799,529649,994450,1069700
stevenc1,1140785,1149185,1156584,1265185,1482131,1488485
roshanwahab1,519900,528544,536589,1231601,1246642,1254300,1773651,1778250
mustafa1,257098,268298,279899,1229139
divya1,225699,243646,254445,594949,1390200,1404499,1828595,1835790,1844499,1958499,2176900,2301200,2308049,2314049
michael1,210505,219104,229304,369652,610203,1330804
gokul1,119398,138048,147598,1052698,1232948,1751049
mangalam1,349749,356979,366400,582250,1222551
varun1,583099,601498,621499,1235648,1316548,1510444,1520751,1763895,1773044,1895248
priyanka1,236399,249349,864748,877099,1561898,1667149
pranav1,214645,223394,588696,1838101,1943347
radhika1,352354,370603,388204,1539649
nasri1,395450,410500,422250,924449,929800,936050,1137085,1234847,1313749
anoop1,376904,384949,393104,688254,1034651,1282253
jinghui1,410514,426915,1255810
pugalia1,185900,197450,207896,843849,848643,858550,1080550
aatish1,496945,508001,516700,672673,1003795,1013199,1155245,1167849,1176099,1581095
giri1,1185553
hunan1,739762,753010,765307,778511,1248611,1393112,1514059
xiaosong1,119638,136089,147638,689138,792388,797638,805335
ria1,392499,405149,417798,810849,820299,828048,1788398
arieljul1,613099,639699,654949,1739249,2086849,2424599,2537400
prabal1,313651,322260,331250,475100,485600,1133350,1141300
vineethmohan1,287850,304897,321349,332050,1009350,1361349
harish1,550148,561599,574098,1285344
parvathy1,1289094,1310349,1329799,1376120,1548698,2271150,2532448
abhijith1,639600,650446,662301,881150,1441596,1451700
saugata1,451548,463698,474349,950848,1999849
arunkumar1,250401,272397,287851,317146,713851,1027000,1039550,1048651,1172251,1330501,2241500
saghana1,345248,356447,380698,1320348,1330948,1337598,1463299,1688948
linbo1,253950,265950,276750,475949,761692,771999,784649,1399449
ThamWaiLap1,238729,248328,257178,734028,747827,763877,1291577,1329328,1520928
yugibee1,1085950,1092717,1101100,1283600
shantanu1,420795,430155,441054,782105,791205,801110,984301
amrithdh1,140901,157600,168450,415446,927900,934699,941899,1228350,1232100,1314349,1432000
jianing1,231953,237662,245568,902238,916067,924617,1096617,1382967
sudhanshu1,180732,195298,208048,670737,1044598,1053048,1677699,1816648
TanKangNguan1,601550,610504,620954,787154,839354,1092954
joben1,343299,348897,360949,559899,654498,832999,918695,1219099
gautamrao1,666698,678198,691298,1272994,1278845,1289248,1488198
doyen1,760749,776499,788349,1249054,1317095,1327650,1680250,1690850,1820899,1971195,2043549
leungkonhunn1,1319299
kimisha1,1366196,1377201,1388096,1968896,2117946
richard1,391849,396749,408548,422948,553548,998855,1449855,1463305,1470106,1701656,1710955,2040155
